epoch,batch_size,activation,train_rmse,test_rmse
5,512,relu,0.187536,0.999050
5,1024,relu,0.214347,1.008422
5,2048,relu,0.241775,1.017476
5,4096,relu,0.266798,1.024559
5,8192,relu,0.280774,1.029311
5,16384,relu,0.289158,1.032180
100,16384,relu,0.196792,1.005315
20,16384,linear,0.335285,1.051950
10,16384,linear,0.401665,0.673797
