epoch,batch_size,activation,learning_rate,train_rmse,test_rmse,train_time_max,train_time_avg,test_time_max,test_time_avg,total_time_max,total_time_avg
10,16384,linear,0.0001,0.401665,0.673797,281.559097,281.556741,4.046241,4.041287,285.599382,285.598182
10,16384,relu,0.0001,0.532722,0.731341,569.926253,569.918524,4.863269,4.847555,574.766876,574.766248
10,16384,sigmoid,0.0001,0.148083,0.557515,640.283939,640.283135,5.928175,5.927058,646.211096,646.210196
10,16384,tanh,0.0001,0.335674,0.626981,405.540349,405.533587,4.666480,4.651643,410.185660,410.185235
10,512,relu,0.001,0.158323,0.540615,443.687828,443.687809,4.936188,4.934833,448.624018,448.622645
